PARAMETER,YEAR,LAT,LON,JAN,FEB,MAR,APR,MAY,JUN,JUL,AUG,SEP,OCT,NOV,DEC,ANN
PRECTOTCORR_SUM,1996,23,-108.75,0.55,0.22,0,0.11,0.07,1.17,13.08,165.57,47.75,5.38,36.46,0.59,270.95
PRECTOTCORR_SUM,1996,23,-109.375,0.58,0.1,0.01,0.24,0.07,0.62,6.86,88.36,59.44,2.8,26.76,0.75,186.59
PRECTOTCORR_SUM,1996,23,-110,0.36,0.05,0.03,0.38,0.08,0.35,4.74,53,68.03,1.44,26.95,0.95,156.36
PRECTOTCORR_SUM,1996,23,-110.625,0.24,0.04,0.04,0.15,0.1,0.18,1.92,44.33,41.19,1.14,48.41,0.66,138.4
PRECTOTCORR_SUM,1996,23.5,-108.75,0.09,0.18,0,0,0,0.14,15.4,206.25,57.76,4.13,40.6,0,324.55
PRECTOTCORR_SUM,1996,23.5,-109.375,0.08,0.05,0,0,0,0.01,6.6,105.11,70.69,2.61,22.09,0.12,207.36
PRECTOTCORR_SUM,1996,23.5,-110,0.02,0.02,0,0,0,0,5.25,72.72,78.6,1.17,11.7,0.44,169.92
PRECTOTCORR_SUM,1996,23.5,-110.625,0,0.06,0,0,0,0,4.32,84.18,67.18,0.24,15.92,0.59,172.49
PRECTOTCORR_SUM,1996,24,-108.75,0.04,0.14,0,0.01,0,0.51,34.85,229.92,68.72,6.4,47.2,0,387.79
PRECTOTCORR_SUM,1996,24,-109.375,0.01,0.1,0,0,0,0.03,6.68,150.73,67.45,1.96,38.86,0.07,265.89
PRECTOTCORR_SUM,1996,24,-110,0,0.05,0,0,0,0.01,6.14,98.02,69.6,0.82,15.05,0.25,189.94
PRECTOTCORR_SUM,1996,24,-110.625,0,0.15,0,0,0,0,5.18,107.53,63.68,0.14,11.56,0.4,188.64
PRECTOTCORR_SUM,1996,24.5,-108.75,0.05,0.1,0,0.05,0,1.93,62.05,253.51,77.33,9.12,53.07,0,457.21
PRECTOTCORR_SUM,1996,24.5,-109.375,0,0.09,0,0,0,0.5,15.25,198.81,67.87,2.4,49.36,0.01,334.29
PRECTOTCORR_SUM,1996,24.5,-110,0,0.1,0,0,0,0.06,5.33,116.39,56.79,0.62,19.96,0.05,199.3
PRECTOTCORR_SUM,1996,24.5,-110.625,0,0.28,0,0,0,0.01,4.23,104.48,46.34,0.18,12.21,0.09,167.82
PRECTOTCORR_SUM,1997,23,-108.75,23.61,19.65,8.47,16.05,5.97,4.81,34.96,77.09,144.21,5.82,34.86,2.88,378.38
PRECTOTCORR_SUM,1997,23,-109.375,31.41,12.83,6.27,11.14,3.31,2.55,22.62,59.06,122.97,2.5,30.28,1.98,306.92
PRECTOTCORR_SUM,1997,23,-110,32.68,4.02,3.04,5.95,4.94,1.08,17.81,68.93,126.36,1.43,35.05,2.9,304.19
PRECTOTCORR_SUM,1997,23,-110.625,24.14,2.07,1.19,4.76,14.56,0.79,9.81,60.48,98.13,0.76,24.83,1.92,243.44
PRECTOTCORR_SUM,1997,23.5,-108.75,30.71,22.72,4.33,15.27,6.1,4.07,36.15,85.95,159,3.81,32.96,3.12,404.19
PRECTOTCORR_SUM,1997,23.5,-109.375,34.25,9.25,1.68,6.18,1.94,1.51,20.62,59.2,130.65,1.36,25.44,2.54,294.62
PRECTOTCORR_SUM,1997,23.5,-110,35.79,1.33,0.2,1.88,1.13,0.95,21.14,73.07,130.73,1.06,27.57,5.51,300.36
PRECTOTCORR_SUM,1997,23.5,-110.625,38.39,0.38,0.02,1.57,3.22,0.76,18.2,82.13,127.46,1.48,23.43,6.82,303.86
PRECTOTCORR_SUM,1997,24,-108.75,37.25,18.45,2.23,14.74,5.52,6.25,50.01,94.84,161.62,3.76,41.17,4.88,440.72
PRECTOTCORR_SUM,1997,24,-109.375,36.38,8,0.63,4.23,3.05,0.98,19.46,66.09,123.21,2.11,25.76,3.62,293.52
PRECTOTCORR_SUM,1997,24,-110,38.59,1.71,0.09,1.11,0.99,0.97,17.15,61.56,101.08,1.4,19.07,7.56,251.28
PRECTOTCORR_SUM,1997,24,-110.625,43.19,0.21,0.01,0.85,1.33,0.58,12.88,75.9,107.87,1.45,17.97,8.43,270.67
PRECTOTCORR_SUM,1997,24.5,-108.75,40.35,11.62,1.42,14.08,5.01,13.06,72.76,110.4,163.92,5.59,45.59,10.2,494
PRECTOTCORR_SUM,1997,24.5,-109.375,31.2,6.94,0.5,4.1,4.35,2.78,23.93,82.8,125.54,4.39,26.04,6.15,318.72
PRECTOTCORR_SUM,1997,24.5,-110,31.13,3.78,0.08,0.78,2.26,0.64,9.81,55.37,87.2,1.93,14.24,8.23,215.45
PRECTOTCORR_SUM,1997,24.5,-110.625,35.72,0.7,0,0.7,2.56,0.32,4.35,63.59,91.9,0.95,15.37,8.54,224.7
PRECTOTCORR_SUM,1998,23,-108.75,0.1,0.36,0.08,0,1.67,4.99,33.16,337.19,152.93,273.81,9.41,0.38,814.08
PRECTOTCORR_SUM,1998,23,-109.375,0.04,1.5,0.05,0,0.62,1.8,26.88,249.18,141.74,140.47,5.6,0.33,568.21
PRECTOTCORR_SUM,1998,23,-110,0.25,4.6,0.05,0,0.64,0.65,25.68,228.52,130.97,40.52,1.82,0.36,434.06
PRECTOTCORR_SUM,1998,23,-110.625,0.6,1.56,0.05,0,1.64,0.42,9.68,182.74,111.51,20.08,1.58,1.02,330.88
PRECTOTCORR_SUM,1998,23.5,-108.75,0,0.39,0,0,1.52,5.09,41.2,385.13,173.73,376.37,4.21,0.01,987.65
PRECTOTCORR_SUM,1998,23.5,-109.375,0.01,2.08,0,0,0.36,1.2,34.05,269.55,171.5,150.83,1.59,0,631.17
PRECTOTCORR_SUM,1998,23.5,-110,0.08,8.74,0,0,0.09,0.09,36.76,232.82,142.65,36.82,0.44,0,458.49
PRECTOTCORR_SUM,1998,23.5,-110.625,0.16,16.04,0,0,0.39,0.08,27.53,165.74,131.56,24.77,0.76,0.53,367.56
PRECTOTCORR_SUM,1998,24,-108.75,0,2.19,0.23,0,1.33,4.39,62.05,351.13,184.6,357.44,2.92,0.01,966.29
PRECTOTCORR_SUM,1998,24,-109.375,0.03,1.57,0,0,0.8,1.36,32.3,260.67,163.35,201.92,2.12,0.01,664.13
PRECTOTCORR_SUM,1998,24,-110,0.16,8.44,0,0,0.19,0.23,33.19,207.33,134.51,49.08,0.9,0,434.03
PRECTOTCORR_SUM,1998,24,-110.625,0.29,20.74,0,0,0.03,0.08,25.1,174.65,98.49,17.48,1.05,0.08,337.99
PRECTOTCORR_SUM,1998,24.5,-108.75,0,6.87,1.19,0,1.27,5.01,80.88,297.97,202.92,291.6,2.67,0.01,890.39
PRECTOTCORR_SUM,1998,24.5,-109.375,0.04,2.65,0.5,0,2.37,1.3,37.43,229.01,161.67,196.08,1.93,0.04,633.02
PRECTOTCORR_SUM,1998,24.5,-110,0.2,6.43,0.02,0,1.25,0.61,23.93,171.07,131.47,49.66,1.4,0.04,386.08
PRECTOTCORR_SUM,1998,24.5,-110.625,0.34,17.41,0.01,0,0.07,0.62,15.3,154.67,78.44,7.08,1.62,0.01,275.57
PRECTOTCORR_SUM,1999,23,-108.75,0.21,1.7,0.07,2.94,0,33.45,25.29,27.74,51.22,4.15,14.17,0.48,161.42
PRECTOTCORR_SUM,1999,23,-109.375,0.27,1.44,0.07,4.75,0,17.95,10.55,28.59,45.32,2.01,1.68,0.25,112.88
PRECTOTCORR_SUM,1999,23,-110,0.33,1.26,0.08,3.78,0,5.74,6.23,32.06,47.17,1.04,0.07,0.18,97.94
PRECTOTCORR_SUM,1999,23,-110.625,0.28,1.02,0.11,1.96,0,3.82,4.3,13.88,49.7,0.78,0.04,0.18,76.07
PRECTOTCORR_SUM,1999,23.5,-108.75,0,0,0,1.47,0,30.37,35.55,31.45,58.42,2.29,9.04,0.15,168.74
PRECTOTCORR_SUM,1999,23.5,-109.375,0,0,0,0.8,0,12.17,15.17,38.03,40.07,0.74,1.62,0.04,108.64
PRECTOTCORR_SUM,1999,23.5,-110,0,0,0,0.22,0,3.05,9.79,37.12,31.78,0.06,0,0,82.02
PRECTOTCORR_SUM,1999,23.5,-110.625,0,0,0,0.32,0,3.03,5.59,28.55,27.31,0,0,0,64.8
PRECTOTCORR_SUM,1999,24,-108.75,0,0,0.05,1.18,0,29.01,43.4,43.81,62.99,2.64,5.05,0.18,188.31
PRECTOTCORR_SUM,1999,24,-109.375,0,0,0,0.79,0,14.87,15.93,31.44,36.53,0.72,1.44,0.1,101.82
PRECTOTCORR_SUM,1999,24,-110,0,0,0,0.34,0,4.57,9.71,26.54,20.99,0.08,0,0.02,62.25
PRECTOTCORR_SUM,1999,24,-110.625,0,0,0,0.29,0,2.9,5.45,29.34,17.95,0,0,0,55.93
PRECTOTCORR_SUM,1999,24.5,-108.75,0,0.1,0.26,0.84,0,27.32,55.41,62.61,65.13,2.72,2.15,0.21,216.75
PRECTOTCORR_SUM,1999,24.5,-109.375,0,0.44,0.09,0.87,0.01,16.25,24.53,38.71,41.6,0.76,0.53,0.19,123.98
PRECTOTCORR_SUM,1999,24.5,-110,0,0.28,0.03,0.48,0.01,5.21,9.73,22.45,22.55,0.09,0,0.07,60.9
PRECTOTCORR_SUM,1999,24.5,-110.625,0,0.02,0.01,0.36,0,2.27,4.56,24.24,18.5,0,0,0,49.96
PRECTOTCORR_SUM,2000,23,-108.75,0.44,0.1,0.96,2.33,0.04,5.11,29.94,40.24,50.92,22.48,14.6,0.86,168.02
PRECTOTCORR_SUM,2000,23,-109.375,0.4,0.06,1.17,1.83,0.02,4.2,13.38,27.43,37.47,18.33,8.89,0.86,114.04
PRECTOTCORR_SUM,2000,23,-110,0.33,0.06,1.25,1.24,0.01,3.67,7.42,24.88,38.3,16.19,8.02,1.03,102.4
PRECTOTCORR_SUM,2000,23,-110.625,0.25,0.05,1.26,0.73,0,1.43,4.48,15.65,19.29,5.23,5.45,1.24,55.06
PRECTOTCORR_SUM,2000,23.5,-108.75,0,0,0.03,0.11,0,3.91,32.14,40.89,52.67,19.66,13.19,0.35,162.95
PRECTOTCORR_SUM,2000,23.5,-109.375,0,0,0.24,0.05,0,3.42,11.7,28.24,37.36,20.32,10.01,0.46,111.8
PRECTOTCORR_SUM,2000,23.5,-110,0,0,0.51,0,0,3.79,6.44,30.85,37.14,21.81,10.5,0.36,111.4
PRECTOTCORR_SUM,2000,23.5,-110.625,0,0,0.68,0,0,2.13,4.45,27.23,31.11,11.95,7.41,0.51,85.47
PRECTOTCORR_SUM,2000,24,-108.75,0,0,0.27,0.19,0,7.27,34.15,51.15,60.81,32.7,11.31,1.17,199.02
PRECTOTCORR_SUM,2000,24,-109.375,0,0,0.25,0.18,0,2.9,11.78,31.75,41.33,17.37,8.65,1.61,115.82
PRECTOTCORR_SUM,2000,24,-110,0,0,0.56,0.04,0,3.69,5.47,33.25,28.13,21.97,10.51,0.91,104.53
PRECTOTCORR_SUM,2000,24,-110.625,0,0,0.61,0,0,1.92,4.61,29.97,25.44,12.12,6.61,0.95,82.23
PRECTOTCORR_SUM,2000,24.5,-108.75,0,0.02,0.75,0.27,0,14.76,37.63,62.69,63.8,53.01,10.81,1.99,245.73
PRECTOTCORR_SUM,2000,24.5,-109.375,0,0.07,0.36,0.32,0.01,3.42,12.85,36.73,48.6,24.64,7.68,2.57,137.25
PRECTOTCORR_SUM,2000,24.5,-110,0,0.06,0.54,0.1,0.01,2.44,5.65,30.62,26.28,19.76,7.71,1.63,94.8
PRECTOTCORR_SUM,2000,24.5,-110.625,0,0,0.76,0,0.01,1.15,6.27,29.08,21.38,10.12,4.55,1.77,75.09
PRECTOTCORR_SUM,2001,23,-108.75,24.93,3.51,21.19,0.96,5.71,1.9,10.13,33.21,32.64,2.95,0.28,5.63,143.04
PRECTOTCORR_SUM,2001,23,-109.375,10.89,3.26,21.73,1.03,4.67,0.54,6.45,28.74,94.24,2.4,1.7,4.22,179.87
PRECTOTCORR_SUM,2001,23,-110,2.96,2.26,18.53,0.89,2.74,0.25,8.32,34.64,157.77,2.18,3.86,2.38,236.78
PRECTOTCORR_SUM,2001,23,-110.625,6.14,0.99,7.7,0.64,1.06,0.27,3.07,38.86,61.62,0.77,1.91,0.76,123.79
PRECTOTCORR_SUM,2001,23.5,-108.75,17.17,0.02,4.64,0.01,2.08,1,13.5,40.05,49.06,4.14,0.62,1.93,134.22
PRECTOTCORR_SUM,2001,23.5,-109.375,7.14,0.09,7.02,0.01,0.97,0.31,12.35,40.5,158.64,4.32,3.72,0.72,235.79
PRECTOTCORR_SUM,2001,23.5,-110,1.3,0.11,6.35,0,0.72,0.11,25.11,45.75,224.38,3.77,6.86,0.18,314.64
PRECTOTCORR_SUM,2001,23.5,-110.625,1.5,0.03,1.92,0,0.73,0.04,29.35,44.68,173.41,2.34,6.4,0.07,260.47
PRECTOTCORR_SUM,2001,24,-108.75,7.99,0.13,5.7,0.02,1.44,4.5,30.25,63.13,50.11,6.78,1.07,3.79,174.91
PRECTOTCORR_SUM,2001,24,-109.375,6.85,0.04,3.84,0.01,1,0.61,17.64,42.25,115.29,4.6,3.08,0.54,195.75
PRECTOTCORR_SUM,2001,24,-110,2.58,0.08,2.32,0,0.85,0.22,43.49,55.24,213.84,3.95,7.57,0.09,330.23
PRECTOTCORR_SUM,2001,24,-110.625,1.03,0.02,0.59,0,0.98,0.05,47.09,56.13,200.79,2.59,7.36,0.02,316.65
PRECTOTCORR_SUM,2001,24.5,-108.75,1.99,1.21,6.78,0.01,1.12,11.43,54.03,105.41,57.55,9.27,1.81,5.58,256.19
PRECTOTCORR_SUM,2001,24.5,-109.375,3.36,0.73,2.66,0.05,1.06,2.7,25.72,56.18,87.61,5.57,2.24,1.07,188.95
PRECTOTCORR_SUM,2001,24.5,-110,1.98,0.12,0.84,0.03,0.89,0.27,46.71,58.64,188.04,4.88,6.11,0.06,308.57
PRECTOTCORR_SUM,2001,24.5,-110.625,1.49,0.07,0.18,0,1.01,0.07,49.22,65.85,188.34,4.71,5.74,0,316.68
PRECTOTCORR_SUM,2002,23,-108.75,2.3,2.29,3.93,5.05,0.63,0.09,10.77,8.3,186.61,6.93,28.54,1.3,256.74
PRECTOTCORR_SUM,2002,23,-109.375,2.24,4.57,3.74,3.15,0.65,0.11,7.16,9.8,93.92,6.08,30.15,1.48,163.05
PRECTOTCORR_SUM,2002,23,-110,2.63,6.65,2.97,2.35,0.54,0.21,9.08,13.55,69.78,5.95,38.38,1.9,153.99
PRECTOTCORR_SUM,2002,23,-110.625,8.71,6.17,1.99,4,0.4,0.16,10.77,5.53,113.12,1.41,58.46,3.09,213.81
PRECTOTCORR_SUM,2002,23.5,-108.75,4.31,3.69,0,6.73,0,0,10.17,9.76,233.38,3.55,20.82,1.65,294.06
PRECTOTCORR_SUM,2002,23.5,-109.375,4.05,4.43,0,1.47,0,0,8.89,14.56,91.03,7.98,17.23,1.77,151.41
PRECTOTCORR_SUM,2002,23.5,-110,2.02,6.43,0,0.2,0,0,15.8,20.95,52.93,9.07,20.15,1.35,128.9
PRECTOTCORR_SUM,2002,23.5,-110.625,3.35,7.83,0,0.51,0,0,20.43,15.42,67.68,4.27,28.28,2.31,150.08
PRECTOTCORR_SUM,2002,24,-108.75,9.16,5.74,0,6.54,0,0.06,21.45,20.43,248.89,4.72,17.07,4.76,338.82
PRECTOTCORR_SUM,2002,24,-109.375,11.58,4.42,0,2.64,0,0,10.21,10.9,132.68,4.89,15.48,4.94,197.74
PRECTOTCORR_SUM,2002,24,-110,4.5,7.26,0,0.4,0,0,22.88,18.38,60.92,7.02,12.68,2.66,136.7
PRECTOTCORR_SUM,2002,24,-110.625,2.33,9.92,0,0.01,0,0,28.02,13.89,52.45,3.2,17.96,3.03,130.81
PRECTOTCORR_SUM,2002,24.5,-108.75,11.88,6.6,0,4.74,0.01,0.33,37.86,39.49,246.23,5.86,12.65,8.27,373.92
PRECTOTCORR_SUM,2002,24.5,-109.375,13.91,4.84,0,3.49,0.05,0.11,13.38,13.77,161.41,2.39,14.45,8.15,235.95
PRECTOTCORR_SUM,2002,24.5,-110,5.97,8.61,0,0.88,0.03,0,22.44,11.63,74.04,3.36,14.39,4.62,145.97
PRECTOTCORR_SUM,2002,24.5,-110.625,3.15,12.08,0,0.01,0,0,30.44,8.18,50.28,1.26,21.45,4.62,131.47
PRECTOTCORR_SUM,2003,23,-108.75,2.42,3.4,0.59,1.47,0.06,1.16,1.78,62.21,98.78,8.13,0.16,0.5,180.66
PRECTOTCORR_SUM,2003,23,-109.375,2.64,5.4,0.5,1.19,0.05,1.37,6.58,58.2,107.02,6.07,0.2,0.12,189.34
PRECTOTCORR_SUM,2003,23,-110,3.14,11.35,0.48,0.77,0.01,1.81,10.72,69.31,139.06,6.21,0.27,0.11,243.24
PRECTOTCORR_SUM,2003,23,-110.625,1.41,20.9,0.44,0.56,0,2.33,2.78,35.05,95.64,2.38,0.52,0.19,162.2
PRECTOTCORR_SUM,2003,23.5,-108.75,1.25,4.17,0.02,0.24,0,0.82,3.76,64.29,103.94,8.48,0.19,0.06,187.22
PRECTOTCORR_SUM,2003,23.5,-109.375,2.4,8.79,0.01,0.18,0,0.43,14.83,82.77,123.56,8.54,0.35,0.01,241.87
PRECTOTCORR_SUM,2003,23.5,-110,4.07,13.88,0,0.07,0,0.14,20.25,104.95,180.91,9.31,0.42,0.01,334.01
PRECTOTCORR_SUM,2003,23.5,-110.625,4.31,19.73,0,0.13,0,0.26,11.57,95.74,192.68,6.87,0.66,0.08,332.03
PRECTOTCORR_SUM,2003,24,-108.75,1.05,5.36,0.1,0.31,0.01,1.78,18.31,66.53,129.67,14.5,0.47,0.04,238.13
PRECTOTCORR_SUM,2003,24,-109.375,2.33,7.98,0.01,0.5,0,0.35,10.27,66.01,123.9,6.97,0.39,0.01,218.72
PRECTOTCORR_SUM,2003,24,-110,4.77,14.97,0,0.21,0,0.09,18.15,101.65,185.99,9.11,0.75,0.02,335.71
PRECTOTCORR_SUM,2003,24,-110.625,5.03,21.37,0,0.18,0,0.01,10.71,117.22,213.94,8.02,0.98,0.15,377.61
PRECTOTCORR_SUM,2003,24.5,-108.75,0.8,8.01,0.22,0.32,0.01,4.04,39.18,81.82,148.96,21.14,1.48,0.02,306
PRECTOTCORR_SUM,2003,24.5,-109.375,1.83,9.74,0.05,0.78,0,0.9,10.89,56.28,121.8,8.72,1.28,0.01,212.28
PRECTOTCORR_SUM,2003,24.5,-110,4.11,17.82,0.02,0.64,0,0.11,11.04,88.89,176.18,8.74,1.49,0.05,309.09
PRECTOTCORR_SUM,2003,24.5,-110.625,4.03,25.61,0.02,0.36,0,0.08,6.21,123.7,203.09,7.29,1.31,0.27,371.97
PRECTOTCORR_SUM,2004,23,-108.75,49.53,0.84,0.87,0.76,0.14,0.81,10.18,41.99,136.51,145.87,6.31,3.23,397.04
PRECTOTCORR_SUM,2004,23,-109.375,62.01,1.1,0.99,0.72,0.06,0.02,10.97,31.53,103.46,91.57,1.52,4.21,308.16
PRECTOTCORR_SUM,2004,23,-110,66.23,2.08,1.51,0.56,0.07,0.05,15.41,31.21,78.24,49.54,0.72,4.06,249.68
PRECTOTCORR_SUM,2004,23,-110.625,62.92,0.96,2.07,0.31,0.03,0.09,12.31,24.82,112.2,50.92,1.06,3.38,271.07
PRECTOTCORR_SUM,2004,23.5,-108.75,62.11,0.67,0.22,0,0,0.54,12.18,46.3,132.68,172.94,5.97,0.56,434.17
PRECTOTCORR_SUM,2004,23.5,-109.375,60.89,1.03,0.6,0,0,0,14.2,42.81,89.7,94.46,1.19,0.93,305.81
PRECTOTCORR_SUM,2004,23.5,-110,56.67,2.97,1.79,0,0,0,18.99,54.82,64.88,37.42,0.56,1.68,239.78
PRECTOTCORR_SUM,2004,23.5,-110.625,55.01,4.39,3.04,0,0,0.01,14.31,52.54,78.41,22.47,0.71,2.15,233.04
PRECTOTCORR_SUM,2004,24,-108.75,64.37,1.43,1.21,0,0.01,1.92,33.41,58.85,142.45,181.97,10.77,1.65,498.04
PRECTOTCORR_SUM,2004,24,-109.375,49.73,0.75,1.03,0,0,0,11.95,48.1,107.45,128.25,1.05,1.13,349.44
PRECTOTCORR_SUM,2004,24,-110,56.1,2.36,3.27,0.01,0,0.01,16.64,68.03,68.88,43.41,0.58,2.09,261.38
PRECTOTCORR_SUM,2004,24,-110.625,53.69,4.73,4.81,0,0,0,12.49,60.16,67.16,12.71,0.55,2.3,218.6
PRECTOTCORR_SUM,2004,24.5,-108.75,53.36,2.42,2.28,0.04,0.07,3.82,70.97,80.63,152.45,170.33,16.49,4.32,557.18
PRECTOTCORR_SUM,2004,24.5,-109.375,35.21,0.84,1.66,0.05,0.01,0.27,22.53,51.41,121.93,141.34,2.62,2.18,380.05
PRECTOTCORR_SUM,2004,24.5,-110,46.69,1.66,4.04,0.03,0,0.05,15.95,59.06,75.6,54.47,0.62,2.05,260.22
PRECTOTCORR_SUM,2004,24.5,-110.625,45.78,4.26,5.95,0.03,0,0.03,10.58,50.62,69.32,11.48,0.34,2.33,200.72
PRECTOTCORR_SUM,2005,23,-108.75,5.06,84.06,0.64,9.4,0.02,0.23,21.42,11.19,38.01,3.76,2.01,1.13,176.93
PRECTOTCORR_SUM,2005,23,-109.375,5.54,69.02,0.73,13.73,0.33,0.25,9.09,10.31,35.61,4.69,0.49,1.05,150.84
PRECTOTCORR_SUM,2005,23,-110,6.01,50.39,0.85,13.22,0.9,0.16,4.71,12.67,39.48,7.73,0.19,1.11,137.42
PRECTOTCORR_SUM,2005,23,-110.625,4.23,44.88,0.92,5.04,0.28,0.04,1.6,4.42,19.11,9.78,0.08,1.5,91.88
PRECTOTCORR_SUM,2005,23.5,-108.75,3.67,85.11,0,0,0.04,0.02,23.95,7.3,39.22,5.05,4.57,0.11,169.04
PRECTOTCORR_SUM,2005,23.5,-109.375,4.77,60.16,0,0,0.47,0,10.27,9.75,46.42,5.47,1.08,0.04,138.43
PRECTOTCORR_SUM,2005,23.5,-110,5.71,47.8,0,0,1.37,0,10.1,18.43,57.56,6.67,0.01,0.04,147.69
PRECTOTCORR_SUM,2005,23.5,-110.625,9.13,51.97,0,0,1.59,0,8.45,21.91,48.67,8.64,0,0.29,150.65
PRECTOTCORR_SUM,2005,24,-108.75,4.35,92.55,0.1,0,0.02,0,35.33,17.72,47.1,7,6.07,0.17,210.41
PRECTOTCORR_SUM,2005,24,-109.375,5.39,74.34,0,0,0.25,0,11.49,8.13,43.94,3.92,2.23,0.15,149.84
PRECTOTCORR_SUM,2005,24,-110,7.02,56.26,0.01,0,0.79,0,13.54,18.76,64.44,4.66,0.14,0.07,165.69
PRECTOTCORR_SUM,2005,24,-110.625,16.17,54.13,0,0,1.11,0,9.44,26.5,59.42,8.57,0,0.19,175.53
PRECTOTCORR_SUM,2005,24.5,-108.75,5.65,92.05,0.44,0.01,0,0.02,49.96,30.86,56.07,10.11,5.61,0.23,251.01
PRECTOTCORR_SUM,2005,24.5,-109.375,7.46,80.89,0.05,0.02,0.05,0.01,19.56,9.96,40.07,4.24,2.71,0.26,165.28
PRECTOTCORR_SUM,2005,24.5,-110,11.59,61.21,0.04,0.01,0.18,0,12.98,15.25,57.19,4.7,0.57,0.19,163.91
PRECTOTCORR_SUM,2005,24.5,-110.625,25.92,51.94,0.03,0,0.27,0,5.91,24.71,52.93,11.8,0.04,0.32,173.87
PRECTOTCORR_SUM,2006,23,-108.75,3.3,0.49,0.49,0.2,0.36,0.25,89.45,50.44,71.03,26.17,0.99,1.68,244.85
PRECTOTCORR_SUM,2006,23,-109.375,5.43,0.47,0.34,0.2,0.39,0.05,95.94,41.91,70.9,24.59,0.76,0.92,241.9
PRECTOTCORR_SUM,2006,23,-110,7.82,0.4,0.28,0.17,0.25,0.05,106.14,38.15,90.27,27.35,0.43,0.85,272.16
PRECTOTCORR_SUM,2006,23,-110.625,3.03,0.26,0.37,0.14,0.1,0.19,85.43,24.03,49.74,30.28,0.26,1.18,195.01
PRECTOTCORR_SUM,2006,23.5,-108.75,0.73,0,0.3,0,0.07,0.55,112.62,55.52,66.8,22.41,0,1.02,260.02
PRECTOTCORR_SUM,2006,23.5,-109.375,4.04,0,0.1,0,0,0.11,125.45,50.05,86.05,21.38,0,0.42,287.6
PRECTOTCORR_SUM,2006,23.5,-110,7.96,0,0.01,0,0,0.01,118.69,48.32,104.27,21.38,0,0.1,300.74
PRECTOTCORR_SUM,2006,23.5,-110.625,8,0,0.04,0,0,0.02,84.02,34.92,75.94,22.36,0,0.35,225.65
PRECTOTCORR_SUM,2006,24,-108.75,0.7,0,0.38,0,0.1,4.59,123.93,77.1,83.55,42.24,0,1.87,334.46
PRECTOTCORR_SUM,2006,24,-109.375,3.84,0,0.28,0,0,0.23,111.4,47.62,63.27,21.8,0,1.22,249.66
PRECTOTCORR_SUM,2006,24,-110,9.9,0,0.07,0,0,0.04,98.78,45.32,79.23,21.5,0,0.32,255.16
PRECTOTCORR_SUM,2006,24,-110.625,10.59,0,0.01,0,0,0,67.56,33.94,60.54,24.25,0,0.14,197.03
PRECTOTCORR_SUM,2006,24.5,-108.75,0.82,0,0.57,0,0.07,10.63,126.12,112.83,99.47,77.49,0,3.02,431.02
PRECTOTCORR_SUM,2006,24.5,-109.375,2.97,0,0.74,0.01,0,1.38,97.49,62.31,65.94,38.33,0,2.25,271.42
PRECTOTCORR_SUM,2006,24.5,-110,9.03,0,0.34,0.01,0,0.17,79.17,40.48,67.15,30.37,0,0.82,227.54
PRECTOTCORR_SUM,2006,24.5,-110.625,9.58,0,0.04,0,0,0.01,53.63,25.29,41.91,32.51,0,0.18,163.15
PRECTOTCORR_SUM,2007,23,-108.75,9.37,1.09,0.7,0.6,0.58,0.42,20.8,31.29,47.55,4.62,4.4,16.05,137.47
PRECTOTCORR_SUM,2007,23,-109.375,11.79,0.9,0.44,0.4,0.48,0.19,5.08,14.35,66.26,3.73,8.52,15.09,127.23
PRECTOTCORR_SUM,2007,23,-110,13.19,1.51,0.14,0.34,0.17,0.05,2.65,7.36,86.53,5.71,14.97,15.94,148.56
PRECTOTCORR_SUM,2007,23,-110.625,17.68,6.05,0.2,0.83,0.3,0.16,1.76,3.5,50.48,1.79,17.89,13.5,114.14
PRECTOTCORR_SUM,2007,23.5,-108.75,10.56,1.17,0,0,0,0.15,25.59,39.94,63.92,5.15,5.22,16.79,168.49
PRECTOTCORR_SUM,2007,23.5,-109.375,15.01,0.48,0,0,0,0.01,7.04,18.3,95.36,5.73,10.84,17.03,169.8
PRECTOTCORR_SUM,2007,23.5,-110,16.76,0.34,0,0,0,0,7.56,10.23,112.82,10.11,16.13,15.67,189.62
PRECTOTCORR_SUM,2007,23.5,-110.625,18.44,1.32,0,0,0,0.03,9.36,5.79,95.74,10.67,17.2,13.68,172.23
PRECTOTCORR_SUM,2007,24,-108.75,18.53,1.87,0,0.05,0,3.17,38.21,65.08,87.16,7.05,8.25,22.37,251.74
PRECTOTCORR_SUM,2007,24,-109.375,24.35,0.8,0,0,0,0.04,11.27,24.2,85.87,5.12,9.81,21.73,183.19
PRECTOTCORR_SUM,2007,24,-110,21.75,0.12,0,0,0,0,8.69,11.89,109.71,9.41,14.9,16.29,192.76
PRECTOTCORR_SUM,2007,24,-110.625,18.44,0.07,0,0,0,0,9.17,7.61,104.34,10.33,16.45,14.15,180.56
PRECTOTCORR_SUM,2007,24.5,-108.75,28.2,1.99,0.01,0.29,0,8.62,58,96.29,115.3,9.31,9.9,28.58,356.49
PRECTOTCORR_SUM,2007,24.5,-109.375,36.91,1.29,0,0.2,0,1.59,21.18,37.01,83.21,4.17,9.27,26.67,221.5
PRECTOTCORR_SUM,2007,24.5,-110,28.04,0.46,0,0,0,0.01,7.06,12.03,94.48,5.51,13.86,17.74,179.19
PRECTOTCORR_SUM,2007,24.5,-110.625,17.98,0.03,0,0,0,0.01,4.51,7.24,91.37,6.09,15.64,14.6,157.47
PRECTOTCORR_SUM,2008,23,-108.75,1.86,0.44,0.03,0.02,0.59,0.82,23.23,63.37,81.84,20.15,0.38,0.28,193.01
PRECTOTCORR_SUM,2008,23,-109.375,1.32,0.4,0.01,0.01,0.39,0.66,13.57,47.22,72.9,17.13,0.27,0.49,154.37
PRECTOTCORR_SUM,2008,23,-110,0.49,0.16,0,0,0.15,0.55,10.04,51.99,68.37,23.24,0.28,0.83,156.1
PRECTOTCORR_SUM,2008,23,-110.625,0.92,0.25,0,0.01,0.2,0.2,3.52,55.6,54.34,39.79,0.61,0.5,155.94
PRECTOTCORR_SUM,2008,23.5,-108.75,0.09,0,0,0,0.02,0.45,21.34,70.14,92.79,21.52,0.01,0.01,206.37
PRECTOTCORR_SUM,2008,23.5,-109.375,0.05,0,0,0,0,0.43,12.7,49.18,72.03,21.11,0.06,0.41,155.97
PRECTOTCORR_SUM,2008,23.5,-110,0.03,0,0,0,0,0.42,15.7,55.66,60.91,33.98,0.2,1.22,168.12
PRECTOTCORR_SUM,2008,23.5,-110.625,0.3,0,0,0,0,0.11,15.59,60.29,53.34,53.5,0.51,1.2,184.84
PRECTOTCORR_SUM,2008,24,-108.75,0.17,0.15,0.16,0,0.02,1.41,42.66,100.97,124.33,24.59,0.01,0,294.47
PRECTOTCORR_SUM,2008,24,-109.375,0.14,0,0,0,0,0.3,14.06,57.85,88.31,25.95,0.08,0.55,187.24
PRECTOTCORR_SUM,2008,24,-110,0.09,0,0,0,0,0.29,17.59,53.52,54.61,40.62,0.3,1.57,168.59
PRECTOTCORR_SUM,2008,24,-110.625,0.49,0,0,0,0,0.07,17.29,52.08,47.56,65.16,0.89,1.43,184.97
PRECTOTCORR_SUM,2008,24.5,-108.75,0.16,0.14,0.75,0,0,2.77,80.05,130.04,162.63,28.9,0.04,0,405.48
PRECTOTCORR_SUM,2008,24.5,-109.375,0.22,0,0.33,0,0.01,0.73,26.14,81.54,121.25,27.67,0.16,0.53,258.58
PRECTOTCORR_SUM,2008,24.5,-110,0.39,0,0,0,0.01,0.15,13.5,56.3,61.05,43.63,0.48,1.76,177.27
PRECTOTCORR_SUM,2008,24.5,-110.625,1.06,0,0,0,0,0.03,11.82,39.78,43.86,76.35,1.33,1.61,175.84
PRECTOTCORR_SUM,2009,23,-108.75,3.22,0.05,0.29,0.1,0.37,13.54,19.11,63.55,64.87,64.85,4.85,9.2,244
PRECTOTCORR_SUM,2009,23,-109.375,2.69,0.06,0.38,0.07,0.37,6.16,13.25,47.42,71.97,68.85,2.76,11.01,224.99
PRECTOTCORR_SUM,2009,23,-110,1.41,0.03,0.16,0.03,0.36,1.36,18.48,41.32,70.1,89.8,0.78,11.82,235.65
PRECTOTCORR_SUM,2009,23,-110.625,1.13,0.04,0.24,0.09,0.22,0.77,55.31,28.74,67.82,98.5,0.7,9.57,263.13
PRECTOTCORR_SUM,2009,23.5,-108.75,0.01,0,0.01,0,0.17,13.7,20.1,78.49,65.81,69.56,2.36,9.59,259.8
PRECTOTCORR_SUM,2009,23.5,-109.375,0.25,0,0.01,0,0.13,5.76,8.59,53.42,79.42,77.17,0.59,13.45,238.79
PRECTOTCORR_SUM,2009,23.5,-110,1.08,0,0,0,0.14,1.19,5.02,57.16,87.12,92.74,0.1,13.72,258.27
PRECTOTCORR_SUM,2009,23.5,-110.625,1.69,0.01,0,0,0.08,0.23,6.88,53.29,85.43,99.27,0.05,11.28,258.21
PRECTOTCORR_SUM,2009,24,-108.75,0,0,0.85,0.05,0.2,19.31,40.89,99.11,65.86,77.08,2.99,9.76,316.1
PRECTOTCORR_SUM,2009,24,-109.375,0.29,0,0.05,0,0.05,4.91,11.11,55.39,77.31,77.76,0.72,12.09,239.68
PRECTOTCORR_SUM,2009,24,-110,1.29,0.01,0.02,0,0.07,0.93,3.5,54.62,91.52,87.41,0.14,12.01,251.52
PRECTOTCORR_SUM,2009,24,-110.625,2.19,0.04,0,0,0.07,0.26,1.62,53.57,88.57,98.73,0.09,9.84,254.98
PRECTOTCORR_SUM,2009,24.5,-108.75,0,0,1.07,0.13,0.73,26.78,67.53,121.36,64.47,83.26,3.77,8.64,377.74
PRECTOTCORR_SUM,2009,24.5,-109.375,0.26,0,0.17,0.03,0.26,6.56,21.93,60,68.65,80.74,1.09,10.31,250
PRECTOTCORR_SUM,2009,24.5,-110,1.32,0.02,0.06,0,0.05,0.75,4.92,41.94,83.2,85.83,0.2,9.49,227.78
PRECTOTCORR_SUM,2009,24.5,-110.625,2.23,0.07,0,0,0.08,0.41,1.87,40.12,85.47,96.77,0.14,7.59,234.75
PRECTOTCORR_SUM,2010,23,-108.75,1.9,19.71,3.02,0.44,1.99,0.43,7.06,31.04,32.18,1.82,0.11,0.04,99.74
PRECTOTCORR_SUM,2010,23,-109.375,1.36,18.53,2.41,0.27,2.51,0.27,3.07,16.5,43.54,0.55,0.03,0.03,89.07
PRECTOTCORR_SUM,2010,23,-110,2.31,24.92,1.61,0.05,1.65,0.04,2.7,11.35,69.97,0.17,0,0,114.77
PRECTOTCORR_SUM,2010,23,-110.625,2.34,25.12,0.76,0.06,3.41,0.04,0.91,22.17,24.42,0.04,0.01,0.01,79.29
PRECTOTCORR_SUM,2010,23.5,-108.75,1.04,20.15,1.03,0,0,0.48,9.35,33.89,36.12,2.72,0,0,104.78
PRECTOTCORR_SUM,2010,23.5,-109.375,1.12,19.89,1.15,0,0,0.21,2.86,15.16,58.08,0.92,0,0,99.39
PRECTOTCORR_SUM,2010,23.5,-110,2.83,24.2,1.36,0,0,0.02,1.14,7.83,95.19,0.41,0,0,132.98
PRECTOTCORR_SUM,2010,23.5,-110.625,4.29,23.59,1.03,0,0,0,0.39,9.57,87.85,0.14,0,0,126.86
PRECTOTCORR_SUM,2010,24,-108.75,2.21,24.48,0.92,0.15,0.05,0.48,22.26,58.38,66.74,2.86,0,0,178.53
PRECTOTCORR_SUM,2010,24,-109.375,1.07,19.97,0.78,0,0,0.27,3.84,20.04,49.46,1.43,0,0,96.86
PRECTOTCORR_SUM,2010,24,-110,2.36,20.56,1.12,0,0,0.06,0.63,8.69,80.67,0.51,0,0,114.6
PRECTOTCORR_SUM,2010,24,-110.625,4.33,19.59,0.97,0,0,0,0.07,7.46,79.35,0.16,0,0,111.93
PRECTOTCORR_SUM,2010,24.5,-108.75,3.08,26.71,0.93,0.48,0.11,0.39,42.23,85.12,100.04,2.91,0,0,262
PRECTOTCORR_SUM,2010,24.5,-109.375,1.13,19.58,0.67,0.16,0,0.16,10.59,29.02,49.2,1.9,0,0.01,112.42
PRECTOTCORR_SUM,2010,24.5,-110,2.08,18.11,0.84,0,0,0.03,0.89,9.88,56.05,0.54,0,0,88.42
PRECTOTCORR_SUM,2010,24.5,-110.625,4.2,16.49,0.69,0,0,0,0.04,9.2,51.36,0.11,0,0,82.09
PRECTOTCORR_SUM,2011,23,-108.75,6.55,0.3,0.38,0.15,0.42,0.15,39.82,65.83,19.24,4.6,50.67,1.25,189.36
PRECTOTCORR_SUM,2011,23,-109.375,3.67,0.17,0.27,0.16,0.42,0.13,17.66,39.02,16.59,3.43,34.96,2.43,118.91
PRECTOTCORR_SUM,2011,23,-110,1.37,0.11,0.11,0.25,0.29,0.03,6.48,20.66,17.99,2.93,23.59,3.32,77.13
PRECTOTCORR_SUM,2011,23,-110.625,2.78,0.25,0.22,0.27,0.32,0,2.2,14.14,5.3,0.75,34.52,1.39,62.14
PRECTOTCORR_SUM,2011,23.5,-108.75,2.4,0,0,0,0.2,0.04,34.95,66.64,15.96,2.73,63.01,0.76,186.69
PRECTOTCORR_SUM,2011,23.5,-109.375,0.66,0,0,0.06,0.64,0.01,13.97,36.9,22.1,3.79,34.1,3.5,115.73
PRECTOTCORR_SUM,2011,23.5,-110,0.16,0,0,0.36,0.39,0.03,10.21,24.19,28.61,4.44,21.76,5.42,95.57
PRECTOTCORR_SUM,2011,23.5,-110.625,0.32,0,0,0.84,0.04,0.03,10.46,17.48,21.76,2.56,28.54,5.4,87.43
PRECTOTCORR_SUM,2011,24,-108.75,2.76,0,0,0,0.11,0.03,67.23,90.06,26.3,2.04,65.77,0.69,254.99
PRECTOTCORR_SUM,2011,24,-109.375,2.1,0,0,0.08,0.31,0.01,20.54,41.45,17.56,2.73,45.97,3.12,133.87
PRECTOTCORR_SUM,2011,24,-110,0.48,0,0.01,0.51,0.23,0.02,12.94,26.92,25.57,3.53,25.54,7.61,103.36
PRECTOTCORR_SUM,2011,24,-110.625,0.02,0,0.02,1.29,0.04,0.02,11.98,18.9,21.69,2.41,24.79,9.13,90.29
PRECTOTCORR_SUM,2011,24.5,-108.75,2.99,0,0,0,0,0.07,109.27,112.21,37.59,2.04,66.46,1.46,332.09
PRECTOTCORR_SUM,2011,24.5,-109.375,2.49,0,0,0.09,0.03,0.03,37.37,51.61,16.48,2.65,57,2.32,170.07
PRECTOTCORR_SUM,2011,24.5,-110,0.58,0,0.13,0.58,0.07,0,13.82,24.74,16.49,2.62,32.07,8.12,99.22
PRECTOTCORR_SUM,2011,24.5,-110.625,0,0,0.24,1.43,0.01,0,8.06,15.5,12.89,1.39,25.74,10.7,75.96
PRECTOTCORR_SUM,2012,23,-108.75,4.19,19.83,1.27,1.54,0.48,9.69,49.93,87.48,103.81,36.05,0.05,24.45,338.77
PRECTOTCORR_SUM,2012,23,-109.375,3.32,8.83,2.24,1.11,0.52,1.42,16.34,101.6,103.62,55.02,0.36,26.24,320.62
PRECTOTCORR_SUM,2012,23,-110,1.04,7.84,3.56,0.39,0.72,0.08,7.75,126.07,112.8,86.36,0.89,29,376.5
PRECTOTCORR_SUM,2012,23,-110.625,1.07,16.7,1.43,0.4,0.21,0.08,8.43,65.77,80.17,67.62,0.39,31.84,274.11
PRECTOTCORR_SUM,2012,23.5,-108.75,0,23.15,0.19,0,0.11,14.02,63.79,89.82,107.9,44.37,0.11,20.26,363.72
PRECTOTCORR_SUM,2012,23.5,-109.375,0,4.99,1.15,0,0.52,1.65,20.24,101.54,114.69,66.46,0.93,20.51,332.68
PRECTOTCORR_SUM,2012,23.5,-110,0,5.16,1.73,0,0.62,0.01,8.74,114.48,126.71,83.24,2.37,21.85,364.91
PRECTOTCORR_SUM,2012,23.5,-110.625,0,8.59,0.66,0,0.19,0,8.09,98.24,123.64,80.22,2.84,20.73,343.2
PRECTOTCORR_SUM,2012,24,-108.75,0,16.66,0.11,0,0.06,15.88,81.56,113.18,112.56,49.46,0.18,22.6,412.25
PRECTOTCORR_SUM,2012,24,-109.375,0,4.09,0.38,0,0.19,2.29,25.09,90.51,109.52,58.06,0.86,17.78,308.77
PRECTOTCORR_SUM,2012,24,-110,0,4.82,0.4,0,0.19,0.09,7.03,96.89,128.31,63.27,2.56,17.83,321.39
PRECTOTCORR_SUM,2012,24,-110.625,0,7.04,0.14,0,0.05,0,6.97,103.23,141.68,69.87,3.02,16.92,348.92
PRECTOTCORR_SUM,2012,24.5,-108.75,0.02,7.78,0,0.04,0,18.65,105.74,137.42,118.38,51.07,0.26,26.96,466.32
PRECTOTCORR_SUM,2012,24.5,-109.375,0.01,4.19,0.01,0.03,0.01,4.79,34.97,93.63,111.7,56.42,0.46,18.16,324.38
PRECTOTCORR_SUM,2012,24.5,-110,0,4.97,0.02,0,0.01,0.18,8.14,89.89,128.16,57.62,1.45,15.64,306.08
PRECTOTCORR_SUM,2012,24.5,-110.625,0,6.66,0,0,0,0.01,5.97,102.86,147.02,65.67,1.62,14,343.81
PRECTOTCORR_SUM,2013,23,-108.75,2.46,1.02,0.74,0.17,0.67,3.1,20.51,97.39,388.36,15.62,19.45,3.24,552.73
PRECTOTCORR_SUM,2013,23,-109.375,1.82,1.65,0.47,0.1,0.42,1.29,12.83,77.81,192.88,29.15,10.07,4.93,333.42
PRECTOTCORR_SUM,2013,23,-110,0.73,2.84,0.23,0.05,0.15,0.79,9.59,69.14,102.48,44.35,7.89,7.96,246.2
PRECTOTCORR_SUM,2013,23,-110.625,1.16,1.21,0.5,0.08,0.26,0.36,4.07,24.85,118.72,32.33,3.88,3.83,191.25
PRECTOTCORR_SUM,2013,23.5,-108.75,0.01,0.2,0,0,0,2.78,19.88,97.37,435.85,18.17,12.8,3.49,590.55
PRECTOTCORR_SUM,2013,23.5,-109.375,0.06,1.5,0,0,0,1.15,7.91,72.62,199.7,39.89,6.07,6.79,335.69
PRECTOTCORR_SUM,2013,23.5,-110,0.12,3.98,0,0,0,0.81,6.37,59.02,108.76,44.79,4.76,9.11,237.72
PRECTOTCORR_SUM,2013,23.5,-110.625,0.14,5.16,0,0,0,0.24,4.23,37.76,98.48,34.77,1.76,8.19,190.73
PRECTOTCORR_SUM,2013,24,-108.75,0.29,0.2,0,0,0,2.24,25.82,105.15,422.54,13.28,22.24,4.78,596.54
PRECTOTCORR_SUM,2013,24,-109.375,0.1,1.39,0,0,0,0.87,6.72,67.78,256.57,25.68,4.48,5.45,369.04
PRECTOTCORR_SUM,2013,24,-110,0.29,4.49,0,0,0,0.4,3.97,45.15,130.42,33.62,2.8,8.21,229.35
PRECTOTCORR_SUM,2013,24,-110.625,0.27,6.68,0,0,0,0.1,3.22,34.08,97.78,36.84,1.03,9.53,189.53
PRECTOTCORR_SUM,2013,24.5,-108.75,0.65,0.27,0,0,0,1.85,47.74,126.09,403.53,9.89,33.99,6.74,630.75
PRECTOTCORR_SUM,2013,24.5,-109.375,0.21,1.15,0,0,0,0.92,16.29,72.87,286.68,18.39,8.58,5.46,410.55
PRECTOTCORR_SUM,2013,24.5,-110,0.36,4.44,0.01,0,0,0.29,4.24,38.51,144.44,30.41,2.46,7.63,232.79
PRECTOTCORR_SUM,2013,24.5,-110.625,0.33,6.92,0.02,0,0,0.02,1.93,32.32,91.52,41.55,0.74,9.54,184.89
PRECTOTCORR_SUM,2014,23,-108.75,1.96,0.61,0.26,0.7,0.48,25.63,68.98,32.03,276.49,4.12,14.2,1,426.46
PRECTOTCORR_SUM,2014,23,-109.375,1.04,0.49,0.09,0.38,0.44,12.09,58.64,43.17,307.08,7.01,8.27,0.87,439.57
PRECTOTCORR_SUM,2014,23,-110,0.36,0.28,0.04,0.34,0.5,4.78,66.31,61.68,303.44,10.64,4.47,0.36,453.2
PRECTOTCORR_SUM,2014,23,-110.625,0.59,0.54,0.1,0.71,0.94,6.85,74.14,19.17,202.77,4.6,3.14,0.61,314.16
PRECTOTCORR_SUM,2014,23.5,-108.75,0.31,0,0.49,0.02,0,28.93,80.77,30.9,306.61,3.38,9.92,0,461.33
PRECTOTCORR_SUM,2014,23.5,-109.375,0.08,0,0.1,0.08,0.06,7.91,75.31,53.56,319.36,9.92,5.45,0,471.83
PRECTOTCORR_SUM,2014,23.5,-110,0.03,0,0.01,0.08,0.21,1.58,83.21,87.64,301.87,15.13,2.76,0,492.52
PRECTOTCORR_SUM,2014,23.5,-110.625,0.03,0,0,0.02,0.28,1.4,85.08,91.15,244.1,12.97,0.9,0,435.93
PRECTOTCORR_SUM,2014,24,-108.75,0.36,0,1.01,0.04,0.03,31.27,99.68,53.22,297.79,5.93,11.51,0,500.84
PRECTOTCORR_SUM,2014,24,-109.375,0.12,0,0.69,0.04,0.05,7.23,75.86,47.76,316.98,6.79,5.54,0,461.06
PRECTOTCORR_SUM,2014,24,-110,0.06,0,0.1,0.04,0.15,0.62,84.3,86.97,265.92,12.8,2.2,0,453.16
PRECTOTCORR_SUM,2014,24,-110.625,0.06,0,0,0.01,0.21,0.09,86.82,106.97,217.29,14.45,0.52,0,426.42
PRECTOTCORR_SUM,2014,24.5,-108.75,0.46,0,2.75,0.07,0.07,35.3,134.36,92.66,268.55,10.13,14.35,0.09,558.79
PRECTOTCORR_SUM,2014,24.5,-109.375,0.13,0,3.46,0.02,0.02,8.03,89.83,59.44,299.75,5.74,5.97,0.06,472.45
PRECTOTCORR_SUM,2014,24.5,-110,0.07,0,1.41,0.02,0.06,0.41,79.16,77.34,234.82,8.84,1.52,0.03,403.68
PRECTOTCORR_SUM,2014,24.5,-110.625,0.1,0,0.06,0,0.07,0,79.64,94.56,179.56,13.11,0.22,0.06,367.38
PRECTOTCORR_SUM,2015,23,-108.75,11.82,9,8.46,0.18,1.91,4.58,15.45,53.69,123.5,28.06,15.24,2.41,274.3
PRECTOTCORR_SUM,2015,23,-109.375,23.23,8.72,9.18,0.04,1.99,10.01,21.96,43.79,110.16,31.64,27.99,2.97,291.68
PRECTOTCORR_SUM,2015,23,-110,24.34,14.55,10.28,0.03,1.66,18.17,24.11,34.59,76.31,43.11,25.69,5.13,277.97
PRECTOTCORR_SUM,2015,23,-110.625,20.08,30.26,5.92,0.22,0.68,21.42,6.05,16.61,34.43,13.96,7.49,2.89,160.01
PRECTOTCORR_SUM,2015,23.5,-108.75,8.27,7.79,4.29,0.03,0.15,4.38,17.89,52.08,122.37,25.03,13.97,0.13,256.38
PRECTOTCORR_SUM,2015,23.5,-109.375,12.43,11.7,10.08,0.06,0.37,12.88,29.08,45.95,101.42,42.08,30.38,0.85,297.28
PRECTOTCORR_SUM,2015,23.5,-110,12.47,13.9,14.24,0.16,0.42,21,36.3,47.81,77.64,56.21,27.66,1.35,309.16
PRECTOTCORR_SUM,2015,23.5,-110.625,14.2,25.8,6.79,0.07,0.6,17.78,9.12,21.21,32.87,16.51,6.75,0.27,151.97
PRECTOTCORR_SUM,2015,24,-108.75,7.93,5.57,3.64,0.01,0.09,3.79,23.78,52.99,124.42,23.42,12.52,0.12,258.28
PRECTOTCORR_SUM,2015,24,-109.375,13.74,7.61,6.41,0.11,0.27,8.2,23.46,42.73,102.73,30.53,24.16,0.3,260.25
PRECTOTCORR_SUM,2015,24,-110,15.18,7.7,12.46,0.4,0.3,17.03,36.55,50.73,81.27,52.69,26.13,0.51,300.95
PRECTOTCORR_SUM,2015,24,-110.625,15.73,8.58,12.65,0.68,0.67,19.36,37.61,46.76,58.63,55.44,14.02,0.68,270.81
PRECTOTCORR_SUM,2015,24.5,-108.75,7.86,7.23,4.49,0.28,0.5,8.25,50.02,80.81,134.73,28.51,17.25,5.24,345.17
PRECTOTCORR_SUM,2015,24.5,-109.375,13.32,6.98,2.77,0.15,1.18,4.22,26.45,47.08,113.81,19.38,23.98,0.11,259.43
PRECTOTCORR_SUM,2015,24.5,-110,15.52,14.06,6.4,0.47,1.23,9.94,21.24,32.86,79.56,27.13,16.84,0.2,225.45
PRECTOTCORR_SUM,2015,24.5,-110.625,16.84,8.1,12.09,1.4,0.61,17.19,36.52,34.44,60.85,50.97,12.03,1.28,252.32
PRECTOTCORR_SUM,2016,23,-108.75,0.8,0.65,3.53,0.67,0.16,13.66,185.2,204.47,228.86,14.14,0.71,27.75,680.6
PRECTOTCORR_SUM,2016,23,-109.375,1.83,0.78,5.32,1.44,0.8,7.38,128.52,182.34,165.23,7.76,1.55,10.65,513.6
PRECTOTCORR_SUM,2016,23,-110,2.9,1.09,8.41,3.05,1.65,2.17,45.03,176.42,105.35,2.8,2.62,14.74,366.23
PRECTOTCORR_SUM,2016,23,-110.625,1.12,0.29,5.36,7.88,0.75,0.47,10.9,306.45,118.92,0.55,0.93,33.39,487.01
PRECTOTCORR_SUM,2016,23.5,-108.75,0.07,0,2.14,2.25,0.63,20.01,182.56,198.88,298.02,11.87,0.9,26.06,743.39
PRECTOTCORR_SUM,2016,23.5,-109.375,1.85,0.26,5.01,1.37,1.96,10.03,92.27,148.57,155.02,6.04,1.9,8.33,432.61
PRECTOTCORR_SUM,2016,23.5,-110,4.74,0.92,7.61,2.63,3.2,2,22.92,130.57,83.87,3.6,2.01,11.06,275.13
PRECTOTCORR_SUM,2016,23.5,-110.625,1.44,0.33,5.74,14.48,3.23,1.66,9.3,201.29,156.53,0.9,0.37,35.71,430.98
PRECTOTCORR_SUM,2016,24,-108.75,0.03,0,1.32,5.89,1.75,46.34,193.88,221.03,346.66,10.21,0.92,21.37,849.4
PRECTOTCORR_SUM,2016,24,-109.375,1.77,0.13,4.24,3.72,2.76,30.29,109.99,158.96,212.81,6.56,1.07,12.32,544.62
PRECTOTCORR_SUM,2016,24,-110,7.39,0.99,9.88,2.96,3.5,6.17,34.44,114.83,99.99,5.4,0.76,9.25,295.56
PRECTOTCORR_SUM,2016,24,-110.625,9.2,2.35,9.23,6.1,3.59,0.56,9.36,95.44,111.95,4.87,0.29,14.78,267.72
PRECTOTCORR_SUM,2016,24.5,-108.75,0.01,0,1.12,5.39,3.48,73.6,210.89,234.61,312.37,9.26,1.27,15.29,867.29
PRECTOTCORR_SUM,2016,24.5,-109.375,0.54,0.03,1.81,2.66,4.07,55.1,149.33,186,223.04,7.8,0.69,15.35,646.42
PRECTOTCORR_SUM,2016,24.5,-110,3.75,0.46,5.81,2.73,4.28,13.11,65.46,140.63,138.62,4.55,0.35,13.5,393.25
PRECTOTCORR_SUM,2016,24.5,-110.625,11.74,1.91,8.72,3.5,3.98,0.67,13.07,77.23,99.97,4.51,0.23,10.3,235.83
PRECTOTCORR_SUM,2017,23,-108.75,1.52,19.85,1.56,1.54,0.1,0.99,25.97,397.66,105.96,26.13,0.08,19.92,601.28
PRECTOTCORR_SUM,2017,23,-109.375,0.95,14.6,1.1,1.33,0.06,0.36,12.03,297.69,97.65,12.26,0.05,13.17,451.25
PRECTOTCORR_SUM,2017,23,-110,1.24,14.91,0.8,1.99,0.04,0.19,3.94,206.41,63.9,3.57,0.03,5.03,302.05
PRECTOTCORR_SUM,2017,23,-110.625,1.16,21.91,0.12,2.86,0.06,0.22,1.63,146.89,35.67,0.73,0,1.07,212.32
PRECTOTCORR_SUM,2017,23.5,-108.75,0.12,26.25,0.31,0.03,0,2.74,29.77,413.11,113.79,22.74,0,5.96,614.82
PRECTOTCORR_SUM,2017,23.5,-109.375,0.36,14.59,1.14,0.01,0,0.65,11.74,267.61,99.26,9.08,0,2.99,407.43
PRECTOTCORR_SUM,2017,23.5,-110,0.66,14.29,1.27,0.05,0,0.09,3.56,171.77,82.67,2.42,0,1.2,277.98
PRECTOTCORR_SUM,2017,23.5,-110.625,1.51,34.99,0.4,0.33,0,0.12,2.6,93.66,62.62,0.46,0,0.19,196.88
PRECTOTCORR_SUM,2017,24,-108.75,0.31,33.76,0.09,0.03,0,5.65,38.67,388.49,118.89,20.95,0,3.63,610.47
PRECTOTCORR_SUM,2017,24,-109.375,0.32,25.78,0.57,0.01,0,1.24,18.79,238.91,101.36,10.97,0,2.59,400.54
PRECTOTCORR_SUM,2017,24,-110,0.36,16.9,1.33,0.01,0,0.23,6.49,146.68,96.13,3.84,0,0.88,272.85
PRECTOTCORR_SUM,2017,24,-110.625,0.63,21.93,1.2,0.21,0,0.46,2.86,79.72,97.07,1.75,0,0.12,205.95
PRECTOTCORR_SUM,2017,24.5,-108.75,0.65,38.26,0.22,0.02,0.05,9.04,64.11,333.05,126.32,25.52,0,4.08,601.32
PRECTOTCORR_SUM,2017,24.5,-109.375,0.58,43.37,0.24,0.01,0.03,4.82,41.39,220.35,108.99,21.26,0,3.19,444.23
PRECTOTCORR_SUM,2017,24.5,-110,0.39,39.23,0.53,0,0,0.74,13.73,121.04,80.62,7.55,0,1.14,264.97
PRECTOTCORR_SUM,2017,24.5,-110.625,0.2,20.01,1.09,0.1,0,1.36,3.48,66.64,79.89,1.55,0,0.24,174.56
PRECTOTCORR_SUM,2018,23,-108.75,5.06,16.76,0,0.91,0.59,17.04,33.08,178.53,396.73,13.41,3.29,137.76,803.16
PRECTOTCORR_SUM,2018,23,-109.375,4.85,18.2,0,0.05,0.29,24.58,18.24,120.75,331.99,9.58,2.47,125.02,656.02
PRECTOTCORR_SUM,2018,23,-110,2.35,18.76,0,0.34,0.06,23.19,6.91,57.84,240,6.09,2.29,106.21,464.04
PRECTOTCORR_SUM,2018,23,-110.625,1.14,29.61,0,0.76,0.02,18.14,2.66,25.18,213.03,2.21,0.71,168.52,461.98
PRECTOTCORR_SUM,2018,23.5,-108.75,1.73,20.68,0,0.13,0.11,21.97,33.34,198.56,458.44,10.29,0.42,169.9,915.57
PRECTOTCORR_SUM,2018,23.5,-109.375,1.41,17.31,0,0.05,0.04,23.72,16.29,102.93,308.15,7.11,1.25,104.76,583.02
PRECTOTCORR_SUM,2018,23.5,-110,0.89,14.09,0,0.01,0,19.34,7.22,48.69,199.08,5.52,1.63,83.15,379.62
PRECTOTCORR_SUM,2018,23.5,-110.625,0.94,27.3,0,0,0,13.66,5.01,22.33,179.38,2.36,0.35,192.4,443.73
PRECTOTCORR_SUM,2018,24,-108.75,0.68,27.35,0,0.23,0.07,26.53,36.79,180.41,534.79,9.5,0.21,181.62,998.18
PRECTOTCORR_SUM,2018,24,-109.375,0.5,27.7,0,0.13,0.02,21.21,20.02,99.9,420.92,6.69,0.81,139.49,737.39
PRECTOTCORR_SUM,2018,24,-110,0.78,15.19,0,0.05,0,13.34,10.11,55.51,243.76,6.27,1.59,91.77,438.37
PRECTOTCORR_SUM,2018,24,-110.625,0.98,13.3,0,0,0,9.63,7.22,34.25,154.79,5.91,0.89,81.85,308.82
PRECTOTCORR_SUM,2018,24.5,-108.75,0.33,25.8,0,0.25,0.2,29.95,47.98,167.19,571.24,13.77,0.2,158.78,1015.69
PRECTOTCORR_SUM,2018,24.5,-109.375,0.34,31.29,0,0.17,0.16,25.08,25.53,99,535.9,7.1,0.18,176.98,901.73
PRECTOTCORR_SUM,2018,24.5,-110,0.61,24.72,0,0.07,0.02,16.48,12.33,51.63,365.39,4.72,0.44,174.72,651.13
PRECTOTCORR_SUM,2018,24.5,-110.625,0.74,11.92,0,0.01,0,8.65,6.64,28.26,176.25,6.65,0.4,75.76,315.28
PRECTOTCORR_SUM,2019,23,-108.75,36.03,0.23,0.26,2.1,0.06,0.78,34.56,113.67,92.01,120.73,160.06,1.12,561.61
PRECTOTCORR_SUM,2019,23,-109.375,42.04,0.18,0.83,3.01,0.18,0.38,21.24,79.17,61.3,122.43,206.72,0.27,537.75
PRECTOTCORR_SUM,2019,23,-110,43.77,0.36,1.94,1.77,0.39,0.14,13.17,58.07,57.66,90.91,234.6,0.43,503.21
PRECTOTCORR_SUM,2019,23,-110.625,63.22,0.79,3.58,2.18,0.1,0.04,17.8,36.66,55.51,74.98,286.42,1.26,542.54
PRECTOTCORR_SUM,2019,23.5,-108.75,36.2,0.05,0.59,0,0,0.97,50.98,154.65,113.88,151.31,196.79,0.34,705.76
PRECTOTCORR_SUM,2019,23.5,-109.375,32.4,0.05,0.78,0,0,0.42,25.16,91.91,79.39,127.21,210.82,0.16,568.3
PRECTOTCORR_SUM,2019,23.5,-110,26.95,0.05,1.57,0,0,0.04,11.98,62.33,75.51,93.07,234.36,0.29,506.15
PRECTOTCORR_SUM,2019,23.5,-110.625,45.15,0.23,5,0,0,0.01,11.59,49.86,85.21,82.09,363.9,1.89,644.93
PRECTOTCORR_SUM,2019,24,-108.75,43.69,0.05,2.16,0,0,2.01,97.98,186.38,148.87,202.24,237.58,0.54,921.5
PRECTOTCORR_SUM,2019,24,-109.375,50.83,0.2,2.63,0,0,0.86,55.97,100.52,95.69,172.07,224.27,0.75,703.79
PRECTOTCORR_SUM,2019,24,-110,29.47,0.21,1.85,0,0,0.1,23.32,53.93,75.77,119.43,197.17,0.58,501.83
PRECTOTCORR_SUM,2019,24,-110.625,19.81,0.27,2.98,0,0,0,12.39,37.68,69.24,98.12,203.83,1.31,445.63
PRECTOTCORR_SUM,2019,24.5,-108.75,42.64,0.31,4.51,0.01,0,2.08,130.71,199.26,175.42,201.55,227.61,0.92,985.02
PRECTOTCORR_SUM,2019,24.5,-109.375,55.22,0.83,5.1,0.02,0,0.84,85.52,110.55,120.31,180.29,235.92,2.2,796.8
PRECTOTCORR_SUM,2019,24.5,-110,37.05,1.17,3.98,0,0,0.11,39.75,66.69,88.38,134.44,244.07,3.79,619.43
PRECTOTCORR_SUM,2019,24.5,-110.625,16.42,0.58,2.72,0,0,0,13.11,33.35,68.19,100.01,159.36,1.85,395.59
PRECTOTCORR_SUM,2020,23,-108.75,11.47,67.26,0.74,0.77,1.78,2.87,27.98,78.17,55.45,13.88,0.13,10.17,270.67
PRECTOTCORR_SUM,2020,23,-109.375,3.29,58.11,0.53,8.77,1.08,3.53,12.2,70.78,46.83,10.88,0.16,8.29,224.45
PRECTOTCORR_SUM,2020,23,-110,1.35,58.02,2.87,16.23,0.26,2.97,3.49,68.77,36.66,6.86,0.64,3.53,201.65
PRECTOTCORR_SUM,2020,23,-110.625,0.52,85.65,9.82,4.01,0.04,2.25,0.8,32.43,48.99,5.78,1.36,1.87,193.52
PRECTOTCORR_SUM,2020,23.5,-108.75,7.96,59.73,1.64,0.47,0,2.61,23.82,63.61,58.28,9.55,0.12,8.02,235.81
PRECTOTCORR_SUM,2020,23.5,-109.375,3.55,47.53,0.75,0.8,0.01,4.03,9.88,57.11,39.27,7.4,0.04,5.45,175.82
PRECTOTCORR_SUM,2020,23.5,-110,2.55,38.17,1.89,0.36,0,3.91,3.8,56.21,32.63,4.95,0.95,2.16,147.58
PRECTOTCORR_SUM,2020,23.5,-110.625,0.59,58.98,6.39,0.88,0,2.16,1.23,28.27,41.7,3.46,4.15,1.45,149.26
PRECTOTCORR_SUM,2020,24,-108.75,7.36,72.01,1.65,0.99,0,2.51,27.43,47.67,68.88,6.25,0.25,7.99,242.99
PRECTOTCORR_SUM,2020,24,-109.375,4.26,64.86,0.99,1.09,0,3.05,17.68,36.15,44.62,4.78,0.06,7.61,185.15
PRECTOTCORR_SUM,2020,24,-110,3.21,35.96,1.02,0.4,0,3.69,7.95,32.07,32.48,3.56,0.34,3.97,124.65
PRECTOTCORR_SUM,2020,24,-110.625,2.05,31.63,2.69,0.86,0,2.95,3.19,25.84,32.6,2.38,1.25,2.19,107.63
PRECTOTCORR_SUM,2020,24.5,-108.75,9.48,66.17,0.76,1.8,0.04,2.66,35.95,46.39,78.48,4.56,0.36,7.18,253.83
PRECTOTCORR_SUM,2020,24.5,-109.375,4.74,52.29,0.67,1.3,0.03,2.8,21.22,29.44,54.2,3.39,0.11,7.18,177.37
PRECTOTCORR_SUM,2020,24.5,-110,2.67,29.42,1.79,0.48,0,2.71,12.82,19.44,33.46,2.74,0.3,4.69,110.52
PRECTOTCORR_SUM,2020,24.5,-110.625,1.75,20.75,3.2,0.4,0,1.81,3.35,13.42,26.73,2.31,0.73,2.28,76.73
PRECTOTCORR_SUM,2021,23,-108.75,16.36,0.18,1.76,2.05,0.24,5.73,23.14,102.21,178.27,13.27,5.7,18.08,366.99
PRECTOTCORR_SUM,2021,23,-109.375,21.86,0.38,1.35,0.82,0.08,14.55,11.79,89.17,228.61,19.63,5.9,20.89,415.03
PRECTOTCORR_SUM,2021,23,-110,24.66,0.65,1.29,0.93,0.03,18.6,5.35,79.3,186.39,20.63,5.95,28.69,372.47
PRECTOTCORR_SUM,2021,23,-110.625,45.26,0.16,1.28,0.85,0,5.58,1.71,69.03,170.46,7.51,9.37,51.41,362.62
PRECTOTCORR_SUM,2021,23.5,-108.75,14.86,0.22,0.1,1.14,0,8.43,24.34,114.84,159.97,11.45,4.12,49.17,388.64
PRECTOTCORR_SUM,2021,23.5,-109.375,13.14,0.55,0.54,0.19,0,25.52,10.44,87.54,177.3,28.34,4.88,36.51,384.95
PRECTOTCORR_SUM,2021,23.5,-110,15.92,0.76,0.76,0.03,0,29.25,6.87,73.55,181.84,28.96,5.13,27.55,370.62
PRECTOTCORR_SUM,2021,23.5,-110.625,42.89,0.18,0.18,0,0,8.13,4.28,57.74,276.42,8.82,9.72,66.89,475.25
PRECTOTCORR_SUM,2021,24,-108.75,14.86,0.15,0.05,0.68,0,10.33,32.89,149.12,142.87,7.64,4.2,134.95,497.74
PRECTOTCORR_SUM,2021,24,-109.375,19.73,0.34,0.31,0.06,0,19.57,15.42,109.76,158.14,15.96,5.37,122.08,466.74
PRECTOTCORR_SUM,2021,24,-110,19.88,0.75,0.74,0,0,27.59,10.02,76.11,159.1,22.01,4.59,51.37,372.16
PRECTOTCORR_SUM,2021,24,-110.625,21.24,0.76,0.76,0,0,19.75,7.74,63.44,182.58,12.52,4.61,29.4,342.8
PRECTOTCORR_SUM,2021,24.5,-108.75,15.2,0.1,0.13,0.36,0.08,15.26,53.21,186.71,115.96,4.95,3.56,189.19,584.71
PRECTOTCORR_SUM,2021,24.5,-109.375,33.18,0.1,0.05,0.05,0.1,17.38,28.7,140.35,122.32,4.36,5.4,194.46,546.45
PRECTOTCORR_SUM,2021,24.5,-110,52.69,0.32,0.3,0,0.02,20.32,16.46,82.37,117.08,7.41,7.61,118.95,423.53
PRECTOTCORR_SUM,2021,24.5,-110.625,22.55,0.84,0.83,0,0,17.57,6.64,54.59,113.08,8.25,4.91,32.4,261.66
PRECTOTCORR_SUM,2022,23,-108.75,0.24,1.46,0,0.03,0.16,34.85,26.58,156.88,222.58,38.56,0.29,0.3,481.93
PRECTOTCORR_SUM,2022,23,-109.375,0.19,1.91,0.02,0.04,0.04,23.28,18.32,97.51,214.71,18.63,0.32,0.12,375.09
PRECTOTCORR_SUM,2022,23,-110,0.09,0.67,0.08,0.05,0.06,13.59,10.59,66.14,176.24,5.52,0.22,0.02,273.27
PRECTOTCORR_SUM,2022,23,-110.625,0.03,0.04,0.09,0.05,0.12,13.92,2.34,86.16,180.65,2.51,0.12,0.06,286.09
PRECTOTCORR_SUM,2022,23.5,-108.75,0.09,1.49,0,0,0,52.46,26.3,174.51,247.08,33.17,0.04,0.2,535.34
PRECTOTCORR_SUM,2022,23.5,-109.375,0.01,1.31,0,0,0,22.15,15.19,97.8,220.47,12.41,0.03,0.01,369.38
PRECTOTCORR_SUM,2022,23.5,-110,0,0.28,0,0,0,10.01,9.45,70.15,184.81,2.48,0,0.01,277.19
PRECTOTCORR_SUM,2022,23.5,-110.625,0,0,0,0,0,6.76,2.17,56.53,173.58,0.93,0,0.03,240
PRECTOTCORR_SUM,2022,24,-108.75,0.04,2.26,0,0.01,0,58.28,30.57,224.13,268.42,31.37,0.03,1.12,616.23
PRECTOTCORR_SUM,2022,24,-109.375,0,2.69,0,0,0,20.23,13.81,146.8,228.94,12.02,0.02,0,424.51
PRECTOTCORR_SUM,2022,24,-110,0,1.12,0,0,0,8.41,6.88,102.91,197.71,3.45,0,0,320.48
PRECTOTCORR_SUM,2022,24,-110.625,0,0.06,0,0,0,5.21,3.74,72.71,159.96,1.63,0,0,243.31
PRECTOTCORR_SUM,2022,24.5,-108.75,0.12,2.3,0.08,0,0,51.81,42.17,282.87,278.84,23.67,0.02,1.41,683.29
PRECTOTCORR_SUM,2022,24.5,-109.375,0,3.65,0,0,0,22.74,15.6,215.21,247.07,11.53,0.03,0.15,515.98
PRECTOTCORR_SUM,2022,24.5,-110,0,2.87,0,0,0,8.59,4.47,153.73,203.3,4.51,0,0.01,377.48
PRECTOTCORR_SUM,2022,24.5,-110.625,0,0.5,0,0,0,3.68,1.91,77.01,166.71,1.36,0,0.02,251.19
PRECTOTCORR_SUM,2023,23,-108.75,0.67,1.45,0.22,1.07,1.2,0.59,42.82,55.62,15.64,274.3,2.44,4.48,400.5
PRECTOTCORR_SUM,2023,23,-109.375,2.21,1.6,0.05,2.28,6.11,0.71,19.56,64.28,20.92,312.38,1.77,4.01,435.88
PRECTOTCORR_SUM,2023,23,-110,7.48,1.86,0.28,1.91,12.34,0.95,8.26,55.65,22.66,213.32,5.46,4.33,334.5
PRECTOTCORR_SUM,2023,23,-110.625,16.75,2.52,1.24,1.79,8.8,0.2,1.71,28.52,9.48,99.43,7.26,3.68,181.38
PRECTOTCORR_SUM,2023,23.5,-108.75,3.24,0.31,0.05,0,3.14,0.8,36.5,55.03,14.92,307.69,1.16,0,422.84
PRECTOTCORR_SUM,2023,23.5,-109.375,8.71,0.79,0.06,0,11.46,1.15,15.43,65.68,25.62,315.33,2.12,0,446.35
PRECTOTCORR_SUM,2023,23.5,-110,12.06,1.84,0.25,0,15.85,1.18,7.72,66.23,29.12,242.82,5.74,0,382.81
PRECTOTCORR_SUM,2023,23.5,-110.625,19.38,3.49,1.35,0,18.25,0.22,1.8,32.84,10.34,113,12.81,0,213.48
PRECTOTCORR_SUM,2023,24,-108.75,12.38,1.65,0.04,0,3.14,0.98,27.67,53.06,13.14,361.33,2.24,0,475.63
PRECTOTCORR_SUM,2023,24,-109.375,24.63,4.43,0.05,0,9.32,0.78,12.36,57.94,18.97,377.16,6.97,0,512.61
PRECTOTCORR_SUM,2023,24,-110,16.95,5.63,0.1,0,14.82,0.79,6.62,73.45,28.71,317.25,7.35,0,471.67
PRECTOTCORR_SUM,2023,24,-110.625,10.68,6.18,0.59,0,14.74,0.27,4.58,69.6,30.54,253.58,5.55,0,396.31
PRECTOTCORR_SUM,2023,24.5,-108.75,18.44,5.68,0.04,1.37,5.86,1.24,29.91,59.58,13.67,418.28,9.22,0,563.29
PRECTOTCORR_SUM,2023,24.5,-109.375,26.7,12.23,0.06,1.25,9.57,0.47,11.59,46.46,10.84,391.29,19.29,0,529.75
PRECTOTCORR_SUM,2023,24.5,-110,15.6,13.41,0.28,0.1,24.27,0.25,5.3,53.45,15.85,260.93,19.24,0,408.68
PRECTOTCORR_SUM,2023,24.5,-110.625,4.93,10.34,0.19,0,12.23,0.14,3,71.93,32.83,255.75,6.79,0,398.13
PRECTOTCORR_SUM,2024,23,-108.75,0.37,5.43,0.7,0.09,0.12,6.74,1.06,10.37,19,441.06,1.85,2.04,488.83
PRECTOTCORR_SUM,2024,23,-109.375,0.3,2.96,0.87,0.01,0.06,6.7,0.8,9.82,43.72,281.17,0.59,1.64,348.64
PRECTOTCORR_SUM,2024,23,-110,0.61,3.26,1.56,0.05,0.04,7.07,0.79,9.57,61.17,64.42,0.1,0.75,149.39
PRECTOTCORR_SUM,2024,23,-110.625,0.84,6.05,1.56,0.1,0.04,1.86,0.22,2.53,14.68,1.33,0.02,0.17,29.4
PRECTOTCORR_SUM,2024,23.5,-108.75,0.03,2.2,3.62,0,0,6.83,0.87,6.66,16.93,732.62,0.23,0.03,770.02
PRECTOTCORR_SUM,2024,23.5,-109.375,0.1,0.74,0.77,0,0,8.92,1.48,11.41,60.2,288.58,0.06,0.01,372.27
PRECTOTCORR_SUM,2024,23.5,-110,0.43,2.22,1.39,0.07,0,11.5,2.45,15.17,66.81,31.79,0.01,0,131.84
PRECTOTCORR_SUM,2024,23.5,-110.625,1.41,8.5,5.05,0.29,0,3.31,0.86,3.73,12.86,1.3,0.02,0,37.33
PRECTOTCORR_SUM,2024,24,-108.75,0.19,2.39,14.94,0,0,14.42,2.19,6.35,11.5,1078.86,0.04,0.01,1130.89
PRECTOTCORR_SUM,2024,24,-109.375,0.91,0.69,5.45,0,0,8.07,2.72,8.03,31.19,467,0.14,0,524.2
PRECTOTCORR_SUM,2024,24,-110,0.9,1.05,1.16,0.02,0,12.92,4.28,12.63,41.82,80.5,0.19,0,155.47
PRECTOTCORR_SUM,2024,24,-110.625,0.8,3.3,1.61,0.12,0,14.59,3.65,10.42,24.32,1.56,0.04,0,60.41
PRECTOTCORR_SUM,2024,24.5,-108.75,0.85,2.61,22.84,0.02,1.49,22.67,13.69,34.49,18.33,1102.17,0.02,0,1219.18
PRECTOTCORR_SUM,2024,24.5,-109.375,2.55,0.98,12.02,0.02,1.28,11.42,6.12,9.03,6.86,623.89,0.31,0,674.48
PRECTOTCORR_SUM,2024,24.5,-110,2.84,1.61,2.74,0.01,0.08,7.77,10.32,5.73,12.02,128.6,0.85,0,172.57
PRECTOTCORR_SUM,2024,24.5,-110.625,0.82,1.53,0.34,0.05,0,16.55,5.26,4.29,16.74,3.74,0.23,0,49.55
PRECTOTCORR_SUM,2025,23,-108.75,1.27,2.03,0.35,0.2,1.43,7.06,,,,,,,
PRECTOTCORR_SUM,2025,23,-109.375,0.39,1.24,0.3,0.13,2.43,5.62,,,,,,,
PRECTOTCORR_SUM,2025,23,-110,0.32,0.28,0.31,0.07,4.3,2.98,,,,,,,
PRECTOTCORR_SUM,2025,23,-110.625,0.52,0.01,0.19,0.06,4.89,1.25,,,,,,,
PRECTOTCORR_SUM,2025,23.5,-108.75,0.2,0,0,0,0.35,4.14,,,,,,,
PRECTOTCORR_SUM,2025,23.5,-109.375,0.06,0,0,0,1.68,2.13,,,,,,,
PRECTOTCORR_SUM,2025,23.5,-110,0.14,0,0,0,2.8,1.59,,,,,,,
PRECTOTCORR_SUM,2025,23.5,-110.625,0.65,0,0,0,2.88,1.29,,,,,,,
PRECTOTCORR_SUM,2025,24,-108.75,0.29,0,0,0,0.19,6.73,,,,,,,
PRECTOTCORR_SUM,2025,24,-109.375,0.14,0,0,0,0.95,2.62,,,,,,,
PRECTOTCORR_SUM,2025,24,-110,0.08,0,0,0,1.74,1.59,,,,,,,
PRECTOTCORR_SUM,2025,24,-110.625,0.35,0,0,0,1.15,0.87,,,,,,,
PRECTOTCORR_SUM,2025,24.5,-108.75,0.66,0,0,0,0.08,15.15,,,,,,,
PRECTOTCORR_SUM,2025,24.5,-109.375,0.19,0,0,0,0.31,8.59,,,,,,,
PRECTOTCORR_SUM,2025,24.5,-110,0.13,0,0,0,0.77,2.9,,,,,,,
PRECTOTCORR_SUM,2025,24.5,-110.625,0.23,0,0.01,0,0.49,1.1,,,,,,,
